序号,页码,章节,小节,图号,标题,文件名,类型,宽度,高度,大小(KB)
1,1,未分类,,图1,[未识别标题] 第1页第1张图片,p001_unknown_51722df4.jpeg,raster,1637,1146,481.41
2,1,未分类,,图3,[未识别标题] 第1页第3张图片,p001_unknown_738e4339.jpeg,raster,124,235,8.24
3,1,未分类,,图6,[未识别标题] 第1页第6张图片,p001_unknown_e00f23b0.jpeg,raster,138,125,4.98
4,1,未分类,,图7,[未识别标题] 第1页第7张图片,p001_unknown_d1e78861.jpeg,raster,266,123,9.74
5,1,未分类,,图8,[未识别标题] 第1页第8张图片,p001_unknown_ebdb59ff.jpeg,raster,82,121,3.39
6,3,未分类,,图1,[未识别标题] 第3页第1张图片,p003_unknown_3345e43a.png,raster,2516,3579,6986.78
7,5,一 地球的运动 2,,图1,[未识别标题] 第5页第1张图片,p005_一_地球的运动_2_6ffb931d.jpeg,raster,2286,754,120.46
8,5,一 地球的运动 2,,图2,[未识别标题] 第5页第2张图片,p005_一_地球的运动_2_2238688e.jpeg,raster,1091,892,687.9
9,5,一 地球的运动 2,,图3,[未识别标题] 第5页第3张图片,p005_一_地球的运动_2_4dee2995.jpeg,raster,2266,1908,830.41
10,5,一 地球的运动 2,,图4,[未识别标题] 第5页第4张图片,p005_一_地球的运动_2_01488b28.jpeg,raster,822,705,394.65
11,5,一 地球的运动 2,,图5,[未识别标题] 第5页第5张图片,p005_一_地球的运动_2_1d0d8fc3.jpeg,raster,967,800,405.76
12,6,一 ◆ 地球的运动,,图1,[未识别标题] 第6页第1张图片,p006_一_◆_地球的运动_c29a0b13.jpeg,raster,807,1146,24.28
13,6,一 ◆ 地球的运动,,图2,[未识别标题] 第6页第2张图片,p006_一_◆_地球的运动_4b87f4d4.jpeg,raster,102,102,9.03
14,6,一 ◆ 地球的运动,,图3,[未识别标题] 第6页第3张图片,p006_一_◆_地球的运动_f31ac6e5.jpeg,raster,353,230,46.07
15,6,一 ◆ 地球的运动,,图4,[未识别标题] 第6页第4张图片,p006_一_◆_地球的运动_90270867.jpeg,raster,353,228,49.88
16,7,一 ◆ 地球的运动 > 一 第10 页：全班学生进行分组活动；各组制订详细的观察计划，尽快实,,图1,[未识别标题] 第7页第1张图片,p007_一_◆_地球的运动___一_第10_页：全班学生进行分组活动_70276752.jpeg,raster,808,1146,25.03
17,8,一 ◆ 地球的运动 > 一 地球的自转和公转,,图1,[未识别标题] 第8页第1张图片,p008_一_◆_地球的运动___一_地球的自转和公转_a47d5fe8.jpeg,raster,264,180,61.93
18,9,一 ◆ 地球的运动 > 一 地球的自转和公转 ◆,,图1,[未识别标题] 第9页第1张图片,p009_一_◆_地球的运动___一_地球的自转和公转_◆_f6f7f58b.jpeg,raster,236,238,17.27
19,10,一 ◆ 地球的运动 > 一 地球的自转和公转 ◆,,图1,[未识别标题] 第10页第1张图片,p010_一_◆_地球的运动___一_地球的自转和公转_◆_b08a5341.jpeg,raster,166,81,7.75
20,10,一 ◆ 地球的运动 > 一 地球的自转和公转 ◆,,图2,[未识别标题] 第10页第2张图片,p010_一_◆_地球的运动___一_地球的自转和公转_◆_77d38155.jpeg,raster,167,81,7.79
21,10,一 ◆ 地球的运动 > 一 地球的自转和公转 ◆,,图3,[未识别标题] 第10页第3张图片,p010_一_◆_地球的运动___一_地球的自转和公转_◆_cfe21909.jpeg,raster,189,92,8.64
22,12,一 ◆ 地球的运动 > 一 地球的自转和公转 ◆,,图2,[未识别标题] 第12页第2张图片,p012_一_◆_地球的运动___一_地球的自转和公转_◆_1e4807be.jpeg,raster,313,304,32.53
23,12,一 ◆ 地球的运动 > 一 地球的自转和公转 ◆,,图3,[未识别标题] 第12页第3张图片,p012_一_◆_地球的运动___一_地球的自转和公转_◆_f6d038eb.jpeg,raster,313,304,30.59
24,14,一 ◆ 地球的运动 > 一 地球的自转和公转 ◆,,图1,[未识别标题] 第14页第1张图片,p014_一_◆_地球的运动___一_地球的自转和公转_◆_cb0b7a17.jpeg,raster,246,171,39.48
25,15,一 ◆ 地球的运动 > 二 地球运动的地理意义 ◆,,图1,[未识别标题] 第15页第1张图片,p015_一_◆_地球的运动___二_地球运动的地理意义_◆_d01ee612.jpeg,raster,220,250,37.58
26,15,一 ◆ 地球的运动 > 二 地球运动的地理意义 ◆,,图2,[未识别标题] 第15页第2张图片,p015_一_◆_地球的运动___二_地球运动的地理意义_◆_b084d56d.jpeg,raster,341,259,34.85
27,17,一 ◆ 地球的运动 > 二 地球运动的地理意义 ◆,,图1,[未识别标题] 第17页第1张图片,p017_一_◆_地球的运动___二_地球运动的地理意义_◆_2a55ba0c.jpeg,raster,297,305,49.46
28,19,一 ◆ 地球的运动 > 二 地球运动的地理意义 ◆,,图1,[未识别标题] 第19页第1张图片,p019_一_◆_地球的运动___二_地球运动的地理意义_◆_dbf4d928.jpeg,raster,224,266,4.55
29,19,一 ◆ 地球的运动 > 二 地球运动的地理意义 ◆,,图2,[未识别标题] 第19页第2张图片,p019_一_◆_地球的运动___二_地球运动的地理意义_◆_b871c61a.jpeg,raster,805,483,55.58
30,22,一 ◆ 地球的运动 > 二 地球运动的地理意义 ◆,,图1,[未识别标题] 第22页第1张图片,p022_一_◆_地球的运动___二_地球运动的地理意义_◆_60e455a3.jpeg,raster,297,189,50.49
31,23,一 ◆ 地球的运动 > 二 地球运动的地理意义 ◆,,图1,[未识别标题] 第23页第1张图片,p023_一_◆_地球的运动___二_地球运动的地理意义_◆_013ebb9a.jpeg,raster,331,220,83.14
32,24,二 ◆ 地表形态的变化,,图2,[未识别标题] 第24页第2张图片,p024_二_◆_地表形态的变化_2861e88c.jpeg,raster,353,230,109.9
33,24,二 ◆ 地表形态的变化,,图3,[未识别标题] 第24页第3张图片,p024_二_◆_地表形态的变化_44d45f81.jpeg,raster,353,230,70.07
34,25,二 ◆ 地表形态的变化 > 一 第40 页：展示搜集到的大陆漂移假说和海底扩张学说的相关资料，并,,图1,[未识别标题] 第25页第1张图片,p025_二_◆_地表形态的变化___一_第40_页：展示搜集到的大陆_005e8c2a.jpeg,raster,808,1146,25.01
35,26,二 ◆ 地表形态的变化 > 一 地表形态变化的内外力作用,,图1,[未识别标题] 第26页第1张图片,p026_二_◆_地表形态的变化___一_地表形态变化的内外力作用_c2fda082.jpeg,raster,154,156,27.48
36,27,二 ◆ 地表形态的变化 > 一 地表形态变化的内外力作用 ◆,,图1,[未识别标题] 第27页第1张图片,p027_二_◆_地表形态的变化___一_地表形态变化的内外力作用_◆_5906f4c3.jpeg,raster,885,737,122.7
37,27,二 ◆ 地表形态的变化 > 一 地表形态变化的内外力作用 ◆,,图2,[未识别标题] 第27页第2张图片,p027_二_◆_地表形态的变化___一_地表形态变化的内外力作用_◆_66e60bb0.jpeg,raster,315,202,48.52
38,27,二 ◆ 地表形态的变化 > 一 地表形态变化的内外力作用 ◆,,图3,[未识别标题] 第27页第3张图片,p027_二_◆_地表形态的变化___一_地表形态变化的内外力作用_◆_200bf893.jpeg,raster,629,266,162.01
39,28,二 ◆ 地表形态的变化 > 一 地表形态变化的内外力作用 ◆,,图1,[未识别标题] 第28页第1张图片,p028_二_◆_地表形态的变化___一_地表形态变化的内外力作用_◆_353aeb4c.jpeg,raster,763,636,99.82
40,28,二 ◆ 地表形态的变化 > 一 地表形态变化的内外力作用 ◆,,图2,[未识别标题] 第28页第2张图片,p028_二_◆_地表形态的变化___一_地表形态变化的内外力作用_◆_41644ec3.jpeg,raster,697,581,90.18
41,28,二 ◆ 地表形态的变化 > 一 地表形态变化的内外力作用 ◆,,图3,[未识别标题] 第28页第3张图片,p028_二_◆_地表形态的变化___一_地表形态变化的内外力作用_◆_3ed1ebeb.jpeg,raster,285,189,60.75
42,29,二 ◆ 地表形态的变化 > 一 地表形态变化的内外力作用 ◆,,图1,[未识别标题] 第29页第1张图片,p029_二_◆_地表形态的变化___一_地表形态变化的内外力作用_◆_682c9a49.jpeg,raster,370,256,122.25
43,29,二 ◆ 地表形态的变化 > 一 地表形态变化的内外力作用 ◆,,图2,[未识别标题] 第29页第2张图片,p029_二_◆_地表形态的变化___一_地表形态变化的内外力作用_◆_05988a66.jpeg,raster,693,545,587.16
44,31,二 ◆ 地表形态的变化 > 一 地表形态变化的内外力作用 ◆,,图1,[未识别标题] 第31页第1张图片,p031_二_◆_地表形态的变化___一_地表形态变化的内外力作用_◆_4b664186.jpeg,raster,473,152,39.74
45,31,二 ◆ 地表形态的变化 > 一 地表形态变化的内外力作用 ◆,,图2,[未识别标题] 第31页第2张图片,p031_二_◆_地表形态的变化___一_地表形态变化的内外力作用_◆_5fb47179.jpeg,raster,448,271,123.75
46,32,二 ◆ 地表形态的变化 > 一 地表形态变化的内外力作用 ◆,,图1,[未识别标题] 第32页第1张图片,p032_二_◆_地表形态的变化___一_地表形态变化的内外力作用_◆_3671cc19.jpeg,raster,255,171,40.7
47,32,二 ◆ 地表形态的变化 > 一 地表形态变化的内外力作用 ◆,,图2,[未识别标题] 第32页第2张图片,p032_二_◆_地表形态的变化___一_地表形态变化的内外力作用_◆_d1b4b38c.jpeg,raster,371,227,102.4
48,33,二 ◆ 地表形态的变化 > 一 地表形态变化的内外力作用 ◆,,图1,[未识别标题] 第33页第1张图片,p033_二_◆_地表形态的变化___一_地表形态变化的内外力作用_◆_b78083bb.jpeg,raster,353,227,78.44
49,33,二 ◆ 地表形态的变化 > 一 地表形态变化的内外力作用 ◆,,图2,[未识别标题] 第33页第2张图片,p033_二_◆_地表形态的变化___一_地表形态变化的内外力作用_◆_95695afd.jpeg,raster,377,223,93.89
50,34,二 ◆ 地表形态的变化 > 一 地表形态变化的内外力作用 ◆,,图1,[未识别标题] 第34页第1张图片,p034_二_◆_地表形态的变化___一_地表形态变化的内外力作用_◆_2023b186.jpeg,raster,311,246,34.45
51,34,二 ◆ 地表形态的变化 > 一 地表形态变化的内外力作用 ◆,,图2,[未识别标题] 第34页第2张图片,p034_二_◆_地表形态的变化___一_地表形态变化的内外力作用_◆_0fc5dd31.jpeg,raster,306,246,94.75
52,35,二 ◆ 地表形态的变化 > 一 地表形态变化的内外力作用 ◆,,图1,[未识别标题] 第35页第1张图片,p035_二_◆_地表形态的变化___一_地表形态变化的内外力作用_◆_3199d32c.jpeg,raster,454,257,98.88
53,35,二 ◆ 地表形态的变化 > 一 地表形态变化的内外力作用 ◆,,图2,[未识别标题] 第35页第2张图片,p035_二_◆_地表形态的变化___一_地表形态变化的内外力作用_◆_8b11d069.jpeg,raster,454,246,13.81
54,36,二 ◆ 地表形态的变化 > 一 地表形态变化的内外力作用 ◆,,图1,[未识别标题] 第36页第1张图片,p036_二_◆_地表形态的变化___一_地表形态变化的内外力作用_◆_1715026e.jpeg,raster,200,208,41.72
55,36,二 ◆ 地表形态的变化 > 一 地表形态变化的内外力作用 ◆,,图2,[未识别标题] 第36页第2张图片,p036_二_◆_地表形态的变化___一_地表形态变化的内外力作用_◆_c32fa11c.jpeg,raster,200,208,18.01
56,36,二 ◆ 地表形态的变化 > 一 地表形态变化的内外力作用 ◆,,图3,[未识别标题] 第36页第3张图片,p036_二_◆_地表形态的变化___一_地表形态变化的内外力作用_◆_f181682e.jpeg,raster,199,208,59.47
57,37,二 ◆ 地表形态的变化 > 一 地表形态变化的内外力作用 ◆,,图1,[未识别标题] 第37页第1张图片,p037_二_◆_地表形态的变化___一_地表形态变化的内外力作用_◆_ae0f1480.jpeg,raster,567,236,116.13
58,39,二 ◆ 地表形态的变化 > 一 地表形态变化的内外力作用 ◆,,图1,[未识别标题] 第39页第1张图片,p039_二_◆_地表形态的变化___一_地表形态变化的内外力作用_◆_ec78c2ab.jpeg,raster,342,229,107.64
59,39,二 ◆ 地表形态的变化 > 一 地表形态变化的内外力作用 ◆,,图2,[未识别标题] 第39页第2张图片,p039_二_◆_地表形态的变化___一_地表形态变化的内外力作用_◆_a730ffab.jpeg,raster,473,267,106.27
60,40,二 ◆ 地表形态的变化 > 一 地表形态变化的内外力作用 ◆,,图1,[未识别标题] 第40页第1张图片,p040_二_◆_地表形态的变化___一_地表形态变化的内外力作用_◆_4729e039.jpeg,raster,677,485,65.15
61,41,二 ◆ 地表形态的变化 > 一 地表形态变化的内外力作用 ◆,,图1,[未识别标题] 第41页第1张图片,p041_二_◆_地表形态的变化___一_地表形态变化的内外力作用_◆_63cfbc17.jpeg,raster,427,198,76.6
62,42,二 ◆ 地表形态的变化 > 一 地表形态变化的内外力作用 ◆,,图1,[未识别标题] 第42页第1张图片,p042_二_◆_地表形态的变化___一_地表形态变化的内外力作用_◆_8e40bb44.jpeg,raster,303,208,34.79
63,42,二 ◆ 地表形态的变化 > 一 地表形态变化的内外力作用 ◆,,图2,[未识别标题] 第42页第2张图片,p042_二_◆_地表形态的变化___一_地表形态变化的内外力作用_◆_9620ea36.jpeg,raster,312,209,87.67
64,42,二 ◆ 地表形态的变化 > 一 地表形态变化的内外力作用 ◆,,图3,[未识别标题] 第42页第3张图片,p042_二_◆_地表形态的变化___一_地表形态变化的内外力作用_◆_54730f0e.jpeg,raster,384,256,69.04
65,43,二 ◆ 地表形态的变化 > 一 地表形态变化的内外力作用 ◆,,图1,[未识别标题] 第43页第1张图片,p043_二_◆_地表形态的变化___一_地表形态变化的内外力作用_◆_bd8f666d.jpeg,raster,362,248,75.54
66,44,二 ◆ 地表形态的变化 > 一 地表形态变化的内外力作用 ◆,,图1,[未识别标题] 第44页第1张图片,p044_二_◆_地表形态的变化___一_地表形态变化的内外力作用_◆_11ffa3c2.jpeg,raster,303,191,55.37
67,44,二 ◆ 地表形态的变化 > 一 地表形态变化的内外力作用 ◆,,图2,[未识别标题] 第44页第2张图片,p044_二_◆_地表形态的变化___一_地表形态变化的内外力作用_◆_1dc89927.jpeg,raster,305,193,51.87
68,44,二 ◆ 地表形态的变化 > 一 地表形态变化的内外力作用 ◆,,图3,[未识别标题] 第44页第3张图片,p044_二_◆_地表形态的变化___一_地表形态变化的内外力作用_◆_6608a04f.jpeg,raster,304,190,70.28
69,45,二 ◆ 地表形态的变化 > 二 岩石圈的物质组成及循环,,图1,[未识别标题] 第45页第1张图片,p045_二_◆_地表形态的变化___二_岩石圈的物质组成及循环_8ec080b8.jpeg,raster,298,208,73.43
70,45,二 ◆ 地表形态的变化 > 二 岩石圈的物质组成及循环,,图2,[未识别标题] 第45页第2张图片,p045_二_◆_地表形态的变化___二_岩石圈的物质组成及循环_794ceeb0.jpeg,raster,296,208,50.61
71,46,二 ◆ 地表形态的变化 > 二 岩石圈的物质组成及循环,,图1,[未识别标题] 第46页第1张图片,p046_二_◆_地表形态的变化___二_岩石圈的物质组成及循环_76f21757.jpeg,raster,139,87,12.6
72,46,二 ◆ 地表形态的变化 > 二 岩石圈的物质组成及循环,,图2,[未识别标题] 第46页第2张图片,p046_二_◆_地表形态的变化___二_岩石圈的物质组成及循环_ac625847.jpeg,raster,123,93,8.77
73,46,二 ◆ 地表形态的变化 > 二 岩石圈的物质组成及循环,,图3,[未识别标题] 第46页第3张图片,p046_二_◆_地表形态的变化___二_岩石圈的物质组成及循环_d7ccd578.jpeg,raster,197,145,4.22
74,46,二 ◆ 地表形态的变化 > 二 岩石圈的物质组成及循环,,图5,[未识别标题] 第46页第5张图片,p046_二_◆_地表形态的变化___二_岩石圈的物质组成及循环_35de6b82.jpeg,raster,150,107,21.08
75,46,二 ◆ 地表形态的变化 > 二 岩石圈的物质组成及循环,,图6,[未识别标题] 第46页第6张图片,p046_二_◆_地表形态的变化___二_岩石圈的物质组成及循环_70449986.jpeg,raster,171,134,3.75
76,46,二 ◆ 地表形态的变化 > 二 岩石圈的物质组成及循环,,图7,[未识别标题] 第46页第7张图片,p046_二_◆_地表形态的变化___二_岩石圈的物质组成及循环_f55ae9f9.jpeg,raster,139,114,3.65
77,46,二 ◆ 地表形态的变化 > 二 岩石圈的物质组成及循环,,图8,[未识别标题] 第46页第8张图片,p046_二_◆_地表形态的变化___二_岩石圈的物质组成及循环_5f2337fb.jpeg,raster,142,114,3.13
78,46,二 ◆ 地表形态的变化 > 二 岩石圈的物质组成及循环,,图9,[未识别标题] 第46页第9张图片,p046_二_◆_地表形态的变化___二_岩石圈的物质组成及循环_da257131.jpeg,raster,131,175,3.22
79,46,二 ◆ 地表形态的变化 > 二 岩石圈的物质组成及循环,,图10,[未识别标题] 第46页第10张图片,p046_二_◆_地表形态的变化___二_岩石圈的物质组成及循环_4fe92adf.jpeg,raster,125,97,6.98
80,47,二 ◆ 地表形态的变化 > 二 岩石圈的物质组成及循环 ◆,,图1,[未识别标题] 第47页第1张图片,p047_二_◆_地表形态的变化___二_岩石圈的物质组成及循环_◆_9f66bca1.jpeg,raster,101,86,9.57
81,47,二 ◆ 地表形态的变化 > 二 岩石圈的物质组成及循环 ◆,,图2,[未识别标题] 第47页第2张图片,p047_二_◆_地表形态的变化___二_岩石圈的物质组成及循环_◆_1a131343.jpeg,raster,76,91,1.73
82,47,二 ◆ 地表形态的变化 > 二 岩石圈的物质组成及循环 ◆,,图3,[未识别标题] 第47页第3张图片,p047_二_◆_地表形态的变化___二_岩石圈的物质组成及循环_◆_d34a4e7a.jpeg,raster,65,114,1.93
83,47,二 ◆ 地表形态的变化 > 二 岩石圈的物质组成及循环 ◆,,图4,[未识别标题] 第47页第4张图片,p047_二_◆_地表形态的变化___二_岩石圈的物质组成及循环_◆_06664901.jpeg,raster,120,76,1.75
84,47,二 ◆ 地表形态的变化 > 二 岩石圈的物质组成及循环 ◆,,图5,[未识别标题] 第47页第5张图片,p047_二_◆_地表形态的变化___二_岩石圈的物质组成及循环_◆_fee56077.jpeg,raster,80,96,2.42
85,48,二 ◆ 地表形态的变化 > 二 岩石圈的物质组成及循环 ◆,,图1,[未识别标题] 第48页第1张图片,p048_二_◆_地表形态的变化___二_岩石圈的物质组成及循环_◆_0dda7b3f.jpeg,raster,409,273,87.07
86,49,二 ◆ 地表形态的变化 > 二 岩石圈的物质组成及循环 ◆,,图1,[未识别标题] 第49页第1张图片,p049_二_◆_地表形态的变化___二_岩石圈的物质组成及循环_◆_84c66e52.jpeg,raster,637,337,124.1
87,50,二 ◆ 地表形态的变化 > 二 岩石圈的物质组成及循环 ◆,,图1,[未识别标题] 第50页第1张图片,p050_二_◆_地表形态的变化___二_岩石圈的物质组成及循环_◆_cc458a20.jpeg,raster,235,152,33.35
88,50,二 ◆ 地表形态的变化 > 二 岩石圈的物质组成及循环 ◆,,图2,[未识别标题] 第50页第2张图片,p050_二_◆_地表形态的变化___二_岩石圈的物质组成及循环_◆_8a31519b.jpeg,raster,227,151,18.97
89,50,二 ◆ 地表形态的变化 > 二 岩石圈的物质组成及循环 ◆,,图3,[未识别标题] 第50页第3张图片,p050_二_◆_地表形态的变化___二_岩石圈的物质组成及循环_◆_1eba45ec.jpeg,raster,146,146,29.85
90,50,二 ◆ 地表形态的变化 > 二 岩石圈的物质组成及循环 ◆,,图4,[未识别标题] 第50页第4张图片,p050_二_◆_地表形态的变化___二_岩石圈的物质组成及循环_◆_2f2849cf.jpeg,raster,250,194,43.72
91,50,二 ◆ 地表形态的变化 > 二 岩石圈的物质组成及循环 ◆,,图5,[未识别标题] 第50页第5张图片,p050_二_◆_地表形态的变化___二_岩石圈的物质组成及循环_◆_71c4d3a7.jpeg,raster,434,191,115.39
92,51,二 ◆ 地表形态的变化 > 二 岩石圈的物质组成及循环 ◆,,图1,[未识别标题] 第51页第1张图片,p051_二_◆_地表形态的变化___二_岩石圈的物质组成及循环_◆_bd0d922c.jpeg,raster,263,190,31.07
93,52,二 ◆ 地表形态的变化 > 二 岩石圈的物质组成及循环 ◆,,图1,[未识别标题] 第52页第1张图片,p052_二_◆_地表形态的变化___二_岩石圈的物质组成及循环_◆_c3cbada7.jpeg,raster,432,258,161.06
94,53,二 ◆ 地表形态的变化 > 二 岩石圈的物质组成及循环 ◆,,图1,[未识别标题] 第53页第1张图片,p053_二_◆_地表形态的变化___二_岩石圈的物质组成及循环_◆_510216f3.jpeg,raster,308,227,66.35
95,53,二 ◆ 地表形态的变化 > 二 岩石圈的物质组成及循环 ◆,,图2,[未识别标题] 第53页第2张图片,p053_二_◆_地表形态的变化___二_岩石圈的物质组成及循环_◆_acdca4c6.jpeg,raster,228,227,53.32
96,53,二 ◆ 地表形态的变化 > 二 岩石圈的物质组成及循环 ◆,,图3,[未识别标题] 第53页第3张图片,p053_二_◆_地表形态的变化___二_岩石圈的物质组成及循环_◆_e0862b2d.jpeg,raster,321,216,75.8
97,54,三 ◆ 天气的成因,,图1,[未识别标题] 第54页第1张图片,p054_三_◆_天气的成因_6842bb17.jpeg,raster,808,1146,24.3
98,54,三 ◆ 天气的成因,,图3,[未识别标题] 第54页第3张图片,p054_三_◆_天气的成因_fa4b7f8c.jpeg,raster,353,230,64.45
99,54,三 ◆ 天气的成因,,图4,[未识别标题] 第54页第4张图片,p054_三_◆_天气的成因_c64666b0.jpeg,raster,353,230,28.77
100,55,三 ◆ 天气的成因 > 一 陆地水体及其关系 ◆,,图1,[未识别标题] 第55页第1张图片,p055_三_◆_天气的成因___一_陆地水体及其关系_◆_dd1e72fe.jpeg,raster,807,1146,24.95
101,57,三 ◆ 天气的成因 > 一 常见天气现象及成因 ◆,,图1,[未识别标题] 第57页第1张图片,p057_三_◆_天气的成因___一_常见天气现象及成因_◆_c79da3ef.jpeg,raster,378,260,24.16
102,58,三 ◆ 天气的成因 > 一 常见天气现象及成因 ◆,,图1,[未识别标题] 第58页第1张图片,p058_三_◆_天气的成因___一_常见天气现象及成因_◆_a48ee612.jpeg,raster,378,260,24.6
103,59,三 ◆ 天气的成因 > 一 常见天气现象及成因 ◆,,图1,[未识别标题] 第59页第1张图片,p059_三_◆_天气的成因___一_常见天气现象及成因_◆_fb193ff4.jpeg,raster,1439,956,773.27
104,65,三 ◆ 天气的成因 > 一 常见天气现象及成因 ◆,,图1,[未识别标题] 第65页第1张图片,p065_三_◆_天气的成因___一_常见天气现象及成因_◆_15b5765d.jpeg,raster,293,165,12.55
105,67,三 ◆ 天气的成因 > 二 气压带、风带对气候的影响 ◆,,图1,[未识别标题] 第67页第1张图片,p067_三_◆_天气的成因___二_气压带、风带对气候的影响_◆_7a70c874.jpeg,raster,286,191,72.3
106,69,三 ◆ 天气的成因 > 二 气压带、风带对气候的影响 ◆,,图1,[未识别标题] 第69页第1张图片,p069_三_◆_天气的成因___二_气压带、风带对气候的影响_◆_fba2ec23.jpeg,raster,533,491,89.54
107,74,三 ◆ 天气的成因 > 二 气压带、风带对气候的影响 ◆,,图1,[未识别标题] 第74页第1张图片,p074_三_◆_天气的成因___二_气压带、风带对气候的影响_◆_3390d9ed.jpeg,raster,595,446,76.96
108,76,三 ◆ 天气的成因 > 三 气候的形成,,图1,[未识别标题] 第76页第1张图片,p076_三_◆_天气的成因___三_气候的形成_99aec74c.jpeg,raster,222,168,42.46
109,76,三 ◆ 天气的成因 > 三 气候的形成,,图2,[未识别标题] 第76页第2张图片,p076_三_◆_天气的成因___三_气候的形成_95004449.jpeg,raster,222,167,27.01
110,78,三 ◆ 天气的成因 > 三 气候的形成及其对自然地理景观的影响 ◆,,图1,[未识别标题] 第78页第1张图片,p078_三_◆_天气的成因___三_气候的形成及其对自然地理景观的影_e0b3d982.jpeg,raster,272,272,35.92
111,78,三 ◆ 天气的成因 > 三 气候的形成及其对自然地理景观的影响 ◆,,图2,[未识别标题] 第78页第2张图片,p078_三_◆_天气的成因___三_气候的形成及其对自然地理景观的影_b6f5bb98.jpeg,raster,320,181,28.02
112,78,三 ◆ 天气的成因 > 三 气候的形成及其对自然地理景观的影响 ◆,,图3,[未识别标题] 第78页第3张图片,p078_三_◆_天气的成因___三_气候的形成及其对自然地理景观的影_9d236f22.jpeg,raster,233,154,19.28
113,79,三 ◆ 天气的成因 > 三 气候的形成及其对自然地理景观的影响 ◆,,图1,[未识别标题] 第79页第1张图片,p079_三_◆_天气的成因___三_气候的形成及其对自然地理景观的影_147ce02d.jpeg,raster,309,227,42.05
114,79,三 ◆ 天气的成因 > 三 气候的形成及其对自然地理景观的影响 ◆,,图2,[未识别标题] 第79页第2张图片,p079_三_◆_天气的成因___三_气候的形成及其对自然地理景观的影_e258ed6e.jpeg,raster,303,227,113.48
115,80,三 ◆ 天气的成因 > 三 气候的形成及其对自然地理景观的影响 ◆,,图1,[未识别标题] 第80页第1张图片,p080_三_◆_天气的成因___三_气候的形成及其对自然地理景观的影_2b34cd57.jpeg,raster,281,202,86.32
116,80,三 ◆ 天气的成因 > 三 气候的形成及其对自然地理景观的影响 ◆,,图2,[未识别标题] 第80页第2张图片,p080_三_◆_天气的成因___三_气候的形成及其对自然地理景观的影_acddfdc2.jpeg,raster,329,203,86.98
117,80,三 ◆ 天气的成因 > 三 气候的形成及其对自然地理景观的影响 ◆,,图3,[未识别标题] 第80页第3张图片,p080_三_◆_天气的成因___三_气候的形成及其对自然地理景观的影_dd93dd84.jpeg,raster,327,210,75.67
118,80,三 ◆ 天气的成因 > 三 气候的形成及其对自然地理景观的影响 ◆,,图4,[未识别标题] 第80页第4张图片,p080_三_◆_天气的成因___三_气候的形成及其对自然地理景观的影_381b09e6.jpeg,raster,281,210,62.2
119,81,三 ◆ 天气的成因 > 三 气候的形成及其对自然地理景观的影响 ◆,,图1,[未识别标题] 第81页第1张图片,p081_三_◆_天气的成因___三_气候的形成及其对自然地理景观的影_f505d93c.jpeg,raster,321,208,75.83
120,82,三 ◆ 天气的成因 > 三 气候的形成及其对自然地理景观的影响 ◆,,图1,[未识别标题] 第82页第1张图片,p082_三_◆_天气的成因___三_气候的形成及其对自然地理景观的影_1d7cd86c.jpeg,raster,461,272,163.37
121,84,四 ◆ 地球上水的运动,,图1,[未识别标题] 第84页第1张图片,p084_四_◆_地球上水的运动_8b6008f2.jpeg,raster,807,1146,24.24
122,84,四 ◆ 地球上水的运动,,图3,[未识别标题] 第84页第3张图片,p084_四_◆_地球上水的运动_929d4304.jpeg,raster,353,230,58.72
123,84,四 ◆ 地球上水的运动,,图4,[未识别标题] 第84页第4张图片,p084_四_◆_地球上水的运动_ab2d7ffd.jpeg,raster,353,230,77.9
124,85,四 ◆ 地球上水的运动 > 一 陆地水体及其关系 ◆,,图1,[未识别标题] 第85页第1张图片,p085_四_◆_地球上水的运动___一_陆地水体及其关系_◆_df7c5805.jpeg,raster,808,1146,25.05
125,86,四 ◆ 地球上水的运动 > 一 陆地水体及其关系,,图1,[未识别标题] 第86页第1张图片,p086_四_◆_地球上水的运动___一_陆地水体及其关系_1f211ea2.jpeg,raster,215,161,46.61
126,87,四 ◆ 地球上水的运动 > 一 陆地水体及其关系 ◆,,图1,[未识别标题] 第87页第1张图片,p087_四_◆_地球上水的运动___一_陆地水体及其关系_◆_b5a5fb29.jpeg,raster,288,193,75.35
127,87,四 ◆ 地球上水的运动 > 一 陆地水体及其关系 ◆,,图2,[未识别标题] 第87页第2张图片,p087_四_◆_地球上水的运动___一_陆地水体及其关系_◆_bf3efdf9.jpeg,raster,288,192,31.07
128,87,四 ◆ 地球上水的运动 > 一 陆地水体及其关系 ◆,,图3,[未识别标题] 第87页第3张图片,p087_四_◆_地球上水的运动___一_陆地水体及其关系_◆_8b6049dc.jpeg,raster,288,192,45.29
129,88,四 ◆ 地球上水的运动 > 一 陆地水体及其关系 ◆,,图1,[未识别标题] 第88页第1张图片,p088_四_◆_地球上水的运动___一_陆地水体及其关系_◆_274267b0.jpeg,raster,291,191,44.91
130,93,四 ◆ 地球上水的运动 > 一 陆地水体及其关系 ◆,,图1,[未识别标题] 第93页第1张图片,p093_四_◆_地球上水的运动___一_陆地水体及其关系_◆_c886001e.jpeg,raster,153,271,41.28
131,93,四 ◆ 地球上水的运动 > 一 陆地水体及其关系 ◆,,图2,[未识别标题] 第93页第2张图片,p093_四_◆_地球上水的运动___一_陆地水体及其关系_◆_42f13e6e.jpeg,raster,153,271,40.49
132,93,四 ◆ 地球上水的运动 > 一 陆地水体及其关系 ◆,,图3,[未识别标题] 第93页第3张图片,p093_四_◆_地球上水的运动___一_陆地水体及其关系_◆_c3d1b7ed.jpeg,raster,370,303,78.91
133,94,四 ◆ 地球上水的运动 > 一 陆地水体及其关系 ◆,,图1,[未识别标题] 第94页第1张图片,p094_四_◆_地球上水的运动___一_陆地水体及其关系_◆_b8b07d2d.jpeg,raster,341,230,84.18
134,94,四 ◆ 地球上水的运动 > 一 陆地水体及其关系 ◆,,图2,[未识别标题] 第94页第2张图片,p094_四_◆_地球上水的运动___一_陆地水体及其关系_◆_9047d182.jpeg,raster,362,302,83.77
135,95,四 ◆ 地球上水的运动 > 一 陆地水体及其关系 ◆,,图1,[未识别标题] 第95页第1张图片,p095_四_◆_地球上水的运动___一_陆地水体及其关系_◆_841d12f5.jpeg,raster,265,170,54.38
136,95,四 ◆ 地球上水的运动 > 一 陆地水体及其关系 ◆,,图2,[未识别标题] 第95页第2张图片,p095_四_◆_地球上水的运动___一_陆地水体及其关系_◆_f10e7710.jpeg,raster,454,219,77.12
137,96,四 ◆ 地球上水的运动 > 一 陆地水体及其关系 ◆,,图1,[未识别标题] 第96页第1张图片,p096_四_◆_地球上水的运动___一_陆地水体及其关系_◆_92c706cc.jpeg,raster,614,289,126.45
138,96,四 ◆ 地球上水的运动 > 一 陆地水体及其关系 ◆,,图2,[未识别标题] 第96页第2张图片,p096_四_◆_地球上水的运动___一_陆地水体及其关系_◆_f1c74642.jpeg,raster,368,206,76.95
139,100,四 ◆ 地球上水的运动 > 二 世界洋流的分布与影响 ◆,,图1,[未识别标题] 第100页第1张图片,p100_四_◆_地球上水的运动___二_世界洋流的分布与影响_◆_f290873c.jpeg,raster,213,142,35.2
140,100,四 ◆ 地球上水的运动 > 二 世界洋流的分布与影响 ◆,,图2,[未识别标题] 第100页第2张图片,p100_四_◆_地球上水的运动___二_世界洋流的分布与影响_◆_1e2769b0.jpeg,raster,303,268,82.28
141,101,四 ◆ 地球上水的运动 > 二 世界洋流的分布与影响 ◆,,图1,[未识别标题] 第101页第1张图片,p101_四_◆_地球上水的运动___二_世界洋流的分布与影响_◆_03446cfb.jpeg,raster,303,165,62.22
142,101,四 ◆ 地球上水的运动 > 二 世界洋流的分布与影响 ◆,,图2,[未识别标题] 第101页第2张图片,p101_四_◆_地球上水的运动___二_世界洋流的分布与影响_◆_6a1442d2.jpeg,raster,308,164,57.3
143,102,四 ◆ 地球上水的运动 > 二 世界洋流的分布与影响 ◆,,图1,[未识别标题] 第102页第1张图片,p102_四_◆_地球上水的运动___二_世界洋流的分布与影响_◆_e582000d.jpeg,raster,515,345,97.69
144,104,四 ◆ 地球上水的运动 > 二 世界洋流的分布与影响 ◆,,图1,[未识别标题] 第104页第1张图片,p104_四_◆_地球上水的运动___二_世界洋流的分布与影响_◆_b14dad75.jpeg,raster,462,214,92.57
145,107,四 ◆ 地球上水的运动 > 三 海—气相互作用及其影响,,图1,[未识别标题] 第107页第1张图片,p107_四_◆_地球上水的运动___三_海—气相互作用及其影响_ee4d11e4.jpeg,raster,303,171,48.56
146,111,四 ◆ 地球上水的运动 > 三 海—气相互作用及其影响 ◆,,图1,[未识别标题] 第111页第1张图片,p111_四_◆_地球上水的运动___三_海—气相互作用及其影响_◆_c7616ff9.jpeg,raster,342,174,33.13
147,111,四 ◆ 地球上水的运动 > 三 海—气相互作用及其影响 ◆,,图2,[未识别标题] 第111页第2张图片,p111_四_◆_地球上水的运动___三_海—气相互作用及其影响_◆_64949476.jpeg,raster,340,175,34.31
148,113,四 ◆ 地球上水的运动 > 三 海—气相互作用及其影响 ◆,,图1,[未识别标题] 第113页第1张图片,p113_四_◆_地球上水的运动___三_海—气相互作用及其影响_◆_5b32aac1.jpeg,raster,303,202,66.43
149,113,四 ◆ 地球上水的运动 > 三 海—气相互作用及其影响 ◆,,图2,[未识别标题] 第113页第2张图片,p113_四_◆_地球上水的运动___三_海—气相互作用及其影响_◆_11c50f3f.jpeg,raster,303,202,51.1
150,114,四 ◆ 地球上水的运动 > 三 海—气相互作用及其影响 ◆,,图1,[未识别标题] 第114页第1张图片,p114_四_◆_地球上水的运动___三_海—气相互作用及其影响_◆_a9f4f7d4.jpeg,raster,306,215,23.15
151,114,四 ◆ 地球上水的运动 > 三 海—气相互作用及其影响 ◆,,图2,[未识别标题] 第114页第2张图片,p114_四_◆_地球上水的运动___三_海—气相互作用及其影响_◆_9a1cbae9.jpeg,raster,307,202,22.43
152,117,四 ◆ 地球上水的运动 > 三 海—气相互作用及其影响 ◆,,图1,[未识别标题] 第117页第1张图片,p117_四_◆_地球上水的运动___三_海—气相互作用及其影响_◆_ab8d0f1e.jpeg,raster,265,265,38.6
153,118,五 ◆ 自然地理环境的,,图2,[未识别标题] 第118页第2张图片,p118_五_◆_自然地理环境的_4052218e.jpeg,raster,353,227,56.3
154,118,五 ◆ 自然地理环境的,,图3,[未识别标题] 第118页第3张图片,p118_五_◆_自然地理环境的_c2baf296.jpeg,raster,353,230,51.09
155,120,五 ◆ 自然地理环境的 > 一 自然地理环境的整体性,,图1,[未识别标题] 第120页第1张图片,p120_五_◆_自然地理环境的___一_自然地理环境的整体性_30f91bc5.jpeg,raster,403,324,106.22
156,121,五 ◆ 自然地理环境的 > 二 自然地理环境的地域分异规律 ◆,,图1,[未识别标题] 第121页第1张图片,p121_五_◆_自然地理环境的___二_自然地理环境的地域分异规律__87c41e54.jpeg,raster,296,215,56.73
157,122,五 ◆ 自然地理环境的 > 二 自然地理环境的地域分异规律 ◆,,图1,[未识别标题] 第122页第1张图片,p122_五_◆_自然地理环境的___二_自然地理环境的地域分异规律__6dc6483a.jpeg,raster,171,220,37.31
158,123,五 ◆ 自然地理环境的 > 二 自然地理环境的地域分异规律 ◆,,图1,[未识别标题] 第123页第1张图片,p123_五_◆_自然地理环境的___二_自然地理环境的地域分异规律__3cca26b7.jpeg,raster,275,193,56.41
159,123,五 ◆ 自然地理环境的 > 二 自然地理环境的地域分异规律 ◆,,图2,[未识别标题] 第123页第2张图片,p123_五_◆_自然地理环境的___二_自然地理环境的地域分异规律__437d4c2d.jpeg,raster,276,193,52.83
160,124,五 ◆ 自然地理环境的 > 二 自然地理环境的地域分异规律 ◆,,图1,[未识别标题] 第124页第1张图片,p124_五_◆_自然地理环境的___二_自然地理环境的地域分异规律__2dd91562.jpeg,raster,83,110,9.19
161,124,五 ◆ 自然地理环境的 > 二 自然地理环境的地域分异规律 ◆,,图4,[未识别标题] 第124页第4张图片,p124_五_◆_自然地理环境的___二_自然地理环境的地域分异规律__1dd5719a.jpeg,raster,521,380,152.49
162,127,五 ◆ 自然地理环境的 > 二 自然地理环境的地域分异规律 ◆,,图1,[未识别标题] 第127页第1张图片,p127_五_◆_自然地理环境的___二_自然地理环境的地域分异规律__422c7b0a.jpeg,raster,259,171,59.9
163,127,五 ◆ 自然地理环境的 > 二 自然地理环境的地域分异规律 ◆,,图2,[未识别标题] 第127页第2张图片,p127_五_◆_自然地理环境的___二_自然地理环境的地域分异规律__db18acbc.jpeg,raster,256,171,41.62
164,128,五 ◆ 自然地理环境的 > 二 自然地理环境的地域分异规律,,图1,[未识别标题] 第128页第1张图片,p128_五_◆_自然地理环境的___二_自然地理环境的地域分异规律_2e389039.jpeg,raster,227,294,75.37
165,131,五 ◆ 自然地理环境的 > 二 自然地理环境的地域分异规律 ◆,,图1,[未识别标题] 第131页第1张图片,p131_五_◆_自然地理环境的___二_自然地理环境的地域分异规律__0d17d163.jpeg,raster,245,224,56.47
166,132,五 ◆ 自然地理环境的 > 二 自然地理环境的地域分异规律 ◆,,图1,[未识别标题] 第132页第1张图片,p132_五_◆_自然地理环境的___二_自然地理环境的地域分异规律__fed1259c.jpeg,raster,340,491,156.72
167,133,五 ◆ 自然地理环境的 > 二 自然地理环境的地域分异规律 ◆,,图1,[未识别标题] 第133页第1张图片,p133_五_◆_自然地理环境的___二_自然地理环境的地域分异规律__92ea8dac.jpeg,raster,301,191,29.77
168,133,五 ◆ 自然地理环境的 > 二 自然地理环境的地域分异规律 ◆,,图2,[未识别标题] 第133页第2张图片,p133_五_◆_自然地理环境的___二_自然地理环境的地域分异规律__a9274e93.jpeg,raster,302,191,59.33
169,134,五 ◆ 自然地理环境的 > 二 自然地理环境的地域分异规律 ◆,,图1,[未识别标题] 第134页第1张图片,p134_五_◆_自然地理环境的___二_自然地理环境的地域分异规律__82453b29.jpeg,raster,344,273,60.69
170,135,五 ◆ 自然地理环境的 > 二 自然地理环境的地域分异规律 ◆,,图1,[未识别标题] 第135页第1张图片,p135_五_◆_自然地理环境的___二_自然地理环境的地域分异规律__8cc391b9.jpeg,raster,370,208,72.55
171,136,五 ◆ 自然地理环境的 > 二 自然地理环境的地域分异规律 ◆,,图1,[未识别标题] 第136页第1张图片,p136_五_◆_自然地理环境的___二_自然地理环境的地域分异规律__5b6dfc66.jpeg,raster,288,204,58.54
172,136,五 ◆ 自然地理环境的 > 二 自然地理环境的地域分异规律 ◆,,图2,[未识别标题] 第136页第2张图片,p136_五_◆_自然地理环境的___二_自然地理环境的地域分异规律__a5aff33d.jpeg,raster,416,374,50.47
173,140,五 ◆ 自然地理环境的 > 二 自然地理环境的地域分异规律 ◆,,图11,[未识别标题] 第140页第11张图片,p140_五_◆_自然地理环境的___二_自然地理环境的地域分异规律__9e3934e3.jpeg,raster,1637,1145,477.33
174,140,五 ◆ 自然地理环境的 > 二 自然地理环境的地域分异规律 ◆,,图16,[未识别标题] 第140页第16张图片,p140_五_◆_自然地理环境的___二_自然地理环境的地域分异规律__c22a4c63.jpeg,raster,249,149,9.02
